[
  {
    "字头": "人",
    "小篆": "𠆢",
    "部首": "人",
    "笔画": "2",
    "音韵": "rén",
    "释义": "天地之性最貴者也。此籀文。象臂脛之形。凡人之屬皆从人。",
    "書目": "說文解字·人部"
  },
  {
    "字头": "大",
    "小篆": "𡗗",
    "部首": "大",
    "笔画": "3",
    "音韵": "dà",
    "释义": "天大，地大，人亦大。故大象人形。古文大也。凡大之屬皆从大。",
    "書目": "說文解字·大部"
  },
  {
    "字头": "天",
    "小篆": "𠀑",
    "部首": "一",
    "笔画": "4",
    "音韵": "tiān",
    "释义": "顚也。至高無上，从一大。",
    "書目": "說文解字·一部"
  },
  {
    "字头": "地",
    "小篆": "𡍑",
    "部首": "土",
    "笔画": "6",
    "音韵": "dì",
    "释义": "元气初分，輕清陽為天，重濁陰為地。萬物所陳列也。从土也聲。",
    "書目": "說文解字·土部"
  },
  {
    "字头": "水",
    "小篆": "𡿨",
    "部首": "水",
    "笔画": "4",
    "音韵": "shuǐ",
    "释义": "準也。北方之行。象眾水並流，中有微陽之氣也。凡水之屬皆从水。",
    "書目": "說文解字·水部"
  },
  {
    "字头": "火",
    "小篆": "灬",
    "部首": "火",
    "笔画": "4",
    "音韵": "huǒ",
    "释义": "燬也。南方之行，炎而上。象形。凡火之屬皆从火。",
    "書目": "說文解字·火部"
  },
  {
    "字头": "木",
    "小篆": "𣎳",
    "部首": "木",
    "笔画": "4",
    "音韵": "mù",
    "释义": "冒也。冒地而生。東方之行。从屮，下象其根。凡木之屬皆从木。",
    "書目": "說文解字·木部"
  },
  {
    "字头": "金",
    "小篆": "𨤾",
    "部首": "金",
    "笔画": "8",
    "音韵": "jīn",
    "释义": "五色金也。黃為之長。久薶不生衣，百鍊不輕，从革不違。西方之行。生於土，从土；左右注，象金在土中形；今聲。凡金之屬皆从金。",
    "書目": "說文解字·金部"
  },
  {
    "字头": "土",
    "小篆": "𡈼",
    "部首": "土",
    "笔画": "3",
    "音韵": "tǔ",
    "释义": "地之吐生物者也。二象地之下、地之中，物出形也。凡土之屬皆从土。",
    "書目": "說文解字·土部"
  },
  {
    "字头": "日",
    "小篆": "𡆸",
    "部首": "日",
    "笔画": "4",
    "音韵": "rì",
    "释义": "實也。太陽之精不虧。从囗一。象形。凡日之屬皆从日。",
    "書目": "說文解字·日部"
  },
  {
    "字头": "月",
    "小篆": "𡛠",
    "部首": "月",
    "笔画": "4",
    "音韵": "yuè",
    "释义": "闕也。大陰之精。象形。凡月之屬皆从月。",
    "書目": "說文解字·月部"
  },
  {
    "字头": "山",
    "小篆": "𡶸",
    "部首": "山",
    "笔画": "3",
    "音韵": "shān",
    "释义": "宣也。宣氣散，生萬物，有石而高。象形。凡山之屬皆从山。",
    "書目": "說文解字·山部"
  },
  {
    "字头": "川",
    "小篆": "巛",
    "部首": "巛",
    "笔画": "3",
    "音韵": "chuān",
    "释义": "貫穿通流水也。虞書曰：「濬く巜，距川。」言深く巜之水會為川也。凡川之屬皆从川。",
    "書目": "說文解字·巛部"
  },
  {
    "字头": "心",
    "小篆": "𢖩",
    "部首": "心",
    "笔画": "4",
    "音韵": "xīn",
    "释义": "人心，土藏，在身之中。象形。博士說以為火藏。凡心之屬皆从心。",
    "書目": "說文解字·心部"
  },
  {
    "字头": "手",
    "小篆": "𠂿",
    "部首": "手",
    "笔画": "4",
    "音韵": "shǒu",
    "释义": "拳也。象形。凡手之屬皆从手。",
    "書目": "說文解字·手部"
  }
] 